               epoch,      train/box_loss,      train/obj_loss,      train/cls_loss,   metrics/precision,      metrics/recall,     metrics/mAP_0.5,metrics/mAP_0.5:0.95,        val/box_loss,        val/obj_loss,        val/cls_loss,               x/lr0,               x/lr1,               x/lr2
                   0,              0.1201,             0.02748,            0.047368,                   0,                   0,                   0,                   0,              0.1137,            0.022896,            0.045508,              0.0973,              0.0003,              0.0003
                   1,             0.11052,            0.030176,             0.04494,          7.8321e-05,               0.125,           0.0002612,           2.612e-05,             0.10463,            0.022528,            0.042542,            0.093698,          0.00069769,          0.00069769
                   2,            0.099199,            0.029308,            0.041752,          0.00018828,             0.13333,          0.00038511,          7.1421e-05,            0.090977,            0.022511,             0.03988,            0.090093,           0.0010927,           0.0010927
                   3,             0.09437,            0.030946,             0.04007,           0.0026021,              0.3625,           0.0045588,           0.0011292,            0.079468,            0.022713,            0.037537,            0.086485,           0.0014851,           0.0014851
                   4,            0.090244,            0.030172,            0.038332,           0.0031582,             0.50417,             0.03168,           0.0095141,            0.073625,            0.021863,            0.034848,            0.082875,           0.0018749,           0.0018749
                   5,            0.081776,            0.030129,            0.031476,           0.0024211,             0.35833,           0.0093532,           0.0027635,             0.07406,            0.020376,            0.031619,            0.079262,           0.0022621,           0.0022621
                   6,            0.076945,            0.026549,            0.033711,           0.0025878,             0.55417,            0.087099,            0.020939,            0.066915,            0.020092,            0.029077,            0.075647,           0.0026465,           0.0026465
                   7,             0.07608,            0.031617,            0.029483,           0.0020829,               0.475,            0.015496,           0.0033803,            0.067842,            0.019397,            0.028552,            0.072028,           0.0030284,           0.0030284
                   8,            0.077546,            0.024931,            0.030831,            0.014922,             0.18333,            0.028541,           0.0046548,            0.067261,             0.01852,            0.027832,            0.068408,           0.0034076,           0.0034076
                   9,            0.066806,            0.029025,            0.023047,             0.77582,            0.066667,            0.017704,           0.0046529,            0.080158,            0.015121,            0.027438,            0.064784,           0.0037842,           0.0037842
                  10,            0.078628,            0.028226,            0.021964,             0.82195,             0.15493,            0.075391,            0.021753,            0.073056,             0.01509,            0.027191,            0.061158,           0.0041581,           0.0041581
                  11,            0.075115,            0.027253,            0.025163,             0.80312,            0.083333,             0.03731,           0.0092257,            0.064366,            0.016016,            0.026892,            0.057529,           0.0045294,           0.0045294
                  12,            0.073899,            0.026319,            0.024384,           0.0018526,              0.4375,           0.0031825,          0.00094907,            0.075049,             0.01398,            0.026614,            0.053898,            0.004898,            0.004898
                  13,            0.076412,             0.02292,            0.028712,             0.80642,                0.25,             0.15524,            0.032355,             0.06624,            0.013999,            0.026166,            0.050264,            0.005264,            0.005264
                  14,             0.07046,            0.025233,            0.023221,             0.76922,             0.15833,            0.091714,            0.016243,            0.067535,            0.013448,            0.026062,            0.046627,           0.0056274,           0.0056274
                  15,            0.072836,            0.023309,            0.021228,           0.0038882,               0.375,           0.0084011,           0.0028661,             0.07466,            0.012005,            0.025577,            0.042988,           0.0059881,           0.0059881
                  16,            0.078557,            0.020621,            0.020546,             0.50834,             0.20833,            0.032803,            0.006783,              0.0738,            0.012096,            0.025281,            0.039346,           0.0063462,           0.0063462
                  17,            0.076414,            0.021882,            0.019769,             0.79685,             0.21667,             0.16102,            0.037963,            0.064108,            0.013084,            0.025876,            0.035702,           0.0067017,           0.0067017
                  18,            0.068288,             0.02403,            0.028544,             0.79685,             0.21667,             0.16102,            0.037963,            0.064108,            0.013084,            0.025876,            0.032054,           0.0070545,           0.0070545
                  19,            0.065889,            0.023591,            0.024191,              0.7632,             0.23333,            0.076082,            0.018197,            0.061948,            0.012946,            0.025543,            0.028405,           0.0074047,           0.0074047
                  20,            0.065115,            0.021577,             0.02712,             0.75792,                0.25,             0.07343,            0.020897,            0.060099,            0.012418,            0.025165,            0.024752,           0.0077522,           0.0077522
                  21,            0.066297,            0.027341,            0.024995,             0.76196,             0.24167,             0.16139,            0.071645,            0.074519,            0.009521,            0.024432,            0.021097,           0.0080971,           0.0080971
                  22,            0.077799,            0.016034,            0.020607,             0.76196,             0.24167,             0.16139,            0.071645,            0.074519,            0.009521,            0.024432,            0.017439,           0.0084393,           0.0084393
                  23,            0.071179,            0.016407,            0.023739,             0.51724,                0.25,             0.23478,            0.092896,            0.055975,            0.011014,            0.024985,            0.013779,            0.008779,            0.008779
                  24,            0.056634,            0.017778,             0.02314,             0.97891,             0.18098,             0.27217,             0.13002,            0.071809,           0.0085669,            0.024429,            0.010116,           0.0091159,           0.0091159
                  25,            0.069432,            0.018454,            0.020684,             0.97891,             0.18098,             0.27217,             0.13002,            0.071809,           0.0085669,            0.024429,            0.009175,            0.009175,            0.009175
                  26,            0.070603,            0.019346,            0.021556,             0.92961,              0.1914,             0.23487,              0.1176,            0.073215,           0.0081887,            0.024538,            0.009175,            0.009175,            0.009175
                  27,            0.070461,            0.020526,            0.021364,             0.94676,             0.15409,             0.22663,             0.09066,            0.075693,           0.0082526,            0.023685,            0.009142,            0.009142,            0.009142
                  28,            0.076495,            0.016529,            0.025116,             0.94676,             0.15409,             0.22663,             0.09066,            0.075693,           0.0082526,            0.023685,            0.009109,            0.009109,            0.009109
                  29,            0.073573,            0.017433,            0.013294,             0.95317,              0.1447,             0.22685,            0.090838,            0.069357,            0.010032,            0.023389,            0.009076,            0.009076,            0.009076
                  30,            0.069619,            0.017776,             0.02034,             0.95943,             0.21667,             0.26576,             0.11236,            0.074931,           0.0093155,            0.022429,            0.009043,            0.009043,            0.009043
                  31,            0.068484,            0.016326,            0.022103,             0.95943,             0.21667,             0.26576,             0.11236,            0.074931,           0.0093155,            0.022429,             0.00901,             0.00901,             0.00901
                  32,            0.063716,            0.017729,            0.022054,             0.95264,             0.21398,             0.27195,             0.12749,            0.053002,            0.011585,            0.022685,            0.008977,            0.008977,            0.008977
                  33,             0.05325,            0.019044,            0.029643,             0.91259,                 0.2,             0.22367,              0.1252,            0.061664,            0.010618,            0.021315,            0.008944,            0.008944,            0.008944
                  34,            0.062264,             0.01812,            0.023904,             0.91259,                 0.2,             0.22367,              0.1252,            0.061664,            0.010618,            0.021315,            0.008911,            0.008911,            0.008911
                  35,            0.057804,            0.022125,            0.020475,             0.92271,             0.21667,             0.25645,             0.13657,            0.048426,             0.01164,            0.022658,            0.008878,            0.008878,            0.008878
                  36,            0.053023,            0.019694,            0.022088,             0.92503,             0.21667,             0.25782,             0.16023,            0.065498,            0.010589,            0.021855,            0.008845,            0.008845,            0.008845
                  37,            0.065319,              0.0164,            0.026962,             0.92503,             0.21667,             0.25782,             0.16023,            0.065498,            0.010589,            0.021855,            0.008812,            0.008812,            0.008812
                  38,            0.060431,             0.01727,            0.020852,             0.97283,             0.24167,             0.27107,             0.13296,            0.048707,            0.011838,            0.021825,            0.008779,            0.008779,            0.008779
                  39,            0.049893,            0.020499,            0.024574,             0.97368,                 0.2,             0.25911,             0.17266,            0.056906,             0.01088,            0.021782,            0.008746,            0.008746,            0.008746
                  40,            0.058753,            0.017661,            0.022835,             0.97368,                 0.2,             0.25911,             0.17266,            0.056906,             0.01088,            0.021782,            0.008713,            0.008713,            0.008713
                  41,            0.055608,            0.017445,            0.020614,             0.95075,             0.21667,             0.26628,             0.14654,            0.047529,            0.010302,             0.02224,             0.00868,             0.00868,             0.00868
                  42,            0.050211,             0.01906,            0.020425,             0.97505,             0.20833,              0.2629,             0.17409,            0.050795,           0.0099621,            0.022119,            0.008647,            0.008647,            0.008647
                  43,            0.059598,            0.019463,            0.017214,             0.97505,             0.20833,              0.2629,             0.17409,            0.050795,           0.0099621,            0.022119,            0.008614,            0.008614,            0.008614
                  44,             0.05447,            0.015442,             0.01901,             0.96532,             0.20697,             0.25635,             0.15503,            0.050303,           0.0092669,            0.020642,            0.008581,            0.008581,            0.008581
                  45,            0.048607,            0.014814,            0.022372,             0.98947,             0.24167,             0.26693,             0.15266,            0.057012,           0.0084376,              0.0196,            0.008548,            0.008548,            0.008548
                  46,            0.061653,            0.013323,             0.01506,             0.98947,             0.24167,             0.26693,             0.15266,            0.057012,           0.0084376,              0.0196,            0.008515,            0.008515,            0.008515
                  47,            0.052599,             0.01469,            0.021625,             0.99081,             0.24167,             0.26568,             0.17353,            0.041248,           0.0093703,            0.018564,            0.008482,            0.008482,            0.008482
                  48,            0.042503,            0.018415,            0.021065,             0.97497,             0.22467,              0.2558,             0.13729,            0.044228,           0.0090265,            0.018271,            0.008449,            0.008449,            0.008449
                  49,            0.050736,            0.013955,            0.015039,             0.97497,             0.22467,              0.2558,             0.13729,            0.044228,           0.0090265,            0.018271,            0.008416,            0.008416,            0.008416
                  50,             0.04819,            0.014821,            0.022355,             0.99268,             0.24167,             0.28393,             0.18758,            0.037637,           0.0087051,            0.018546,            0.008383,            0.008383,            0.008383
                  51,            0.045614,            0.012601,            0.015451,             0.93763,               0.175,             0.24224,             0.15137,             0.05269,           0.0074258,            0.018388,             0.00835,             0.00835,             0.00835
                  52,            0.054854,            0.011994,             0.02036,             0.93763,               0.175,             0.24224,             0.15137,             0.05269,           0.0074258,            0.018388,            0.008317,            0.008317,            0.008317
                  53,            0.050479,            0.012132,              0.0216,             0.93193,             0.24167,             0.26188,             0.16869,            0.039389,           0.0077372,            0.018118,            0.008284,            0.008284,            0.008284
                  54,            0.044577,            0.014741,            0.017735,             0.91553,             0.23333,             0.25056,             0.16486,            0.043384,           0.0073667,            0.017667,            0.008251,            0.008251,            0.008251
                  55,             0.04352,            0.010539,            0.015075,             0.91553,             0.23333,             0.25056,             0.16486,            0.043384,           0.0073667,            0.017667,            0.008218,            0.008218,            0.008218
                  56,            0.042881,            0.012503,             0.01552,              0.9954,             0.23333,             0.28081,             0.18022,            0.037765,           0.0072761,            0.018187,            0.008185,            0.008185,            0.008185
                  57,            0.039733,            0.012833,            0.016082,             0.95242,             0.18333,             0.24677,             0.14943,            0.049338,           0.0064888,            0.018558,            0.008152,            0.008152,            0.008152
                  58,            0.053069,            0.013785,            0.015937,             0.95242,             0.18333,             0.24677,             0.14943,            0.049338,           0.0064888,            0.018558,            0.008119,            0.008119,            0.008119
                  59,            0.046281,            0.011163,            0.018046,             0.98814,             0.24167,             0.28164,             0.19767,            0.034075,            0.007031,            0.017671,            0.008086,            0.008086,            0.008086
                  60,            0.039995,            0.014957,            0.017232,             0.95406,             0.21667,             0.25262,              0.1549,             0.04633,           0.0064332,             0.01716,            0.008053,            0.008053,            0.008053
                  61,            0.051294,            0.011513,            0.021016,             0.95406,             0.21667,             0.25262,              0.1549,             0.04633,           0.0064332,             0.01716,             0.00802,             0.00802,             0.00802
                  62,            0.048783,            0.013051,            0.018555,             0.96878,             0.21667,             0.25656,             0.17211,            0.042994,           0.0066314,            0.016331,            0.007987,            0.007987,            0.007987
                  63,            0.048373,            0.012093,            0.012662,             0.93445,               0.175,             0.23054,             0.12277,            0.047298,           0.0064759,             0.01584,            0.007954,            0.007954,            0.007954
                  64,            0.052184,            0.011671,            0.019566,             0.93445,               0.175,             0.23054,             0.12277,            0.047298,           0.0064759,             0.01584,            0.007921,            0.007921,            0.007921
                  65,             0.04709,            0.012145,            0.022087,             0.94155,             0.24582,             0.25395,              0.1714,            0.037012,           0.0074868,            0.015494,            0.007888,            0.007888,            0.007888
                  66,            0.040266,            0.013146,             0.01436,             0.97047,             0.21667,             0.32208,             0.24152,            0.039406,           0.0060868,            0.016908,            0.007855,            0.007855,            0.007855
                  67,            0.043952,            0.012365,            0.014284,             0.97047,             0.21667,             0.32208,             0.24152,            0.039406,           0.0060868,            0.016908,            0.007822,            0.007822,            0.007822
                  68,            0.046788,           0.0078659,            0.016008,             0.96091,             0.20833,             0.32047,             0.24138,            0.039974,           0.0060854,            0.016876,            0.007789,            0.007789,            0.007789
                  69,            0.042345,           0.0084677,            0.021915,             0.99125,             0.22994,             0.34465,             0.21856,            0.040307,           0.0059228,            0.017152,            0.007756,            0.007756,            0.007756
                  70,            0.044299,            0.011337,            0.018025,             0.99125,             0.22994,             0.34465,             0.21856,            0.040307,           0.0059228,            0.017152,            0.007723,            0.007723,            0.007723
                  71,            0.041062,            0.012994,            0.024607,              0.9792,             0.23333,             0.29037,             0.19311,            0.031388,           0.0063467,            0.015672,             0.00769,             0.00769,             0.00769
                  72,            0.035265,            0.015558,            0.015572,             0.93871,               0.225,             0.31867,             0.17242,            0.049316,           0.0057273,            0.015717,            0.007657,            0.007657,            0.007657
                  73,            0.056123,            0.012363,            0.018836,             0.93871,               0.225,             0.31867,             0.17242,            0.049316,           0.0057273,            0.015717,            0.007624,            0.007624,            0.007624
                  74,            0.047293,           0.0089869,            0.018376,             0.93686,             0.19735,             0.23822,             0.15536,            0.036793,           0.0062394,            0.015228,            0.007591,            0.007591,            0.007591
                  75,            0.039701,            0.009125,            0.021666,             0.97192,             0.19167,             0.28543,             0.16419,            0.037017,           0.0063796,            0.014714,            0.007558,            0.007558,            0.007558
                  76,            0.042348,             0.01193,            0.012243,             0.97192,             0.19167,             0.28543,             0.16419,            0.037017,           0.0063796,            0.014714,            0.007525,            0.007525,            0.007525
                  77,            0.041894,            0.010401,             0.01638,             0.99495,             0.20833,             0.34038,             0.21864,             0.03386,           0.0061812,              0.0147,            0.007492,            0.007492,            0.007492
                  78,            0.037713,            0.014115,            0.017757,             0.94327,             0.22718,             0.32787,             0.22676,            0.037492,           0.0059328,             0.01497,            0.007459,            0.007459,            0.007459
                  79,            0.046166,            0.013095,            0.015498,             0.94327,             0.22718,             0.32787,             0.22676,            0.037492,           0.0059328,             0.01497,            0.007426,            0.007426,            0.007426
                  80,            0.043444,            0.010369,            0.017874,             0.99427,             0.24167,             0.35329,             0.23782,            0.032032,           0.0057945,            0.015698,            0.007393,            0.007393,            0.007393
                  81,            0.039145,            0.010239,              0.0175,             0.97077,               0.225,             0.39183,             0.28184,            0.039212,           0.0061584,            0.014278,             0.00736,             0.00736,             0.00736
                  82,            0.042971,            0.010285,            0.018618,             0.97077,               0.225,             0.39183,             0.28184,            0.039212,           0.0061584,            0.014278,            0.007327,            0.007327,            0.007327
                  83,            0.036758,           0.0098821,            0.014156,                   1,             0.24875,             0.32232,               0.218,            0.029496,           0.0062852,            0.013504,            0.007294,            0.007294,            0.007294
                  84,            0.036059,            0.010468,            0.012704,             0.96346,             0.23333,             0.37548,             0.25305,            0.038756,           0.0062943,            0.013257,            0.007261,            0.007261,            0.007261
                  85,            0.042703,           0.0094112,              0.0221,             0.96346,             0.23333,             0.37548,             0.25305,            0.038756,           0.0062943,            0.013257,            0.007228,            0.007228,            0.007228
                  86,            0.039035,            0.012382,            0.017193,             0.99125,             0.22983,              0.3924,             0.28816,            0.029329,           0.0060711,            0.013976,            0.007195,            0.007195,            0.007195
                  87,            0.037988,            0.013166,            0.016488,             0.82012,               0.375,             0.36557,             0.25039,            0.039066,           0.0061307,            0.013376,            0.007162,            0.007162,            0.007162
                  88,            0.046369,            0.007786,            0.013737,             0.82012,               0.375,             0.36557,             0.25039,            0.039066,           0.0061307,            0.013376,            0.007129,            0.007129,            0.007129
                  89,            0.036534,           0.0095473,            0.017408,             0.94847,               0.225,             0.33948,             0.24559,            0.029709,           0.0063763,            0.012675,            0.007096,            0.007096,            0.007096
                  90,            0.028436,            0.009884,            0.014101,              0.9771,               0.225,             0.34819,             0.24441,            0.033439,           0.0062165,            0.012434,            0.007063,            0.007063,            0.007063
                  91,            0.040957,            0.012789,            0.018811,              0.9771,               0.225,             0.34819,             0.24441,            0.033439,           0.0062165,            0.012434,             0.00703,             0.00703,             0.00703
                  92,             0.03707,            0.010604,            0.013669,             0.89885,              0.3125,             0.38329,              0.2691,            0.027826,           0.0060623,            0.012321,            0.006997,            0.006997,            0.006997
                  93,            0.033835,            0.011247,             0.01392,             0.85725,               0.375,             0.41367,             0.28508,            0.030141,           0.0058854,            0.012332,            0.006964,            0.006964,            0.006964
                  94,            0.036262,           0.0096788,             0.01673,             0.85725,               0.375,             0.41367,             0.28508,            0.030141,           0.0058854,            0.012332,            0.006931,            0.006931,            0.006931
                  95,            0.035811,            0.010102,            0.016362,             0.86214,               0.375,             0.46967,             0.30986,            0.028456,           0.0056798,            0.012215,            0.006898,            0.006898,            0.006898
                  96,            0.031983,           0.0097812,            0.011115,             0.83536,               0.375,             0.41304,             0.25504,            0.037513,           0.0059862,            0.011962,            0.006865,            0.006865,            0.006865
                  97,            0.040767,            0.010381,            0.014558,             0.83536,               0.375,             0.41304,             0.25504,            0.037513,           0.0059862,            0.011962,            0.006832,            0.006832,            0.006832
                  98,            0.037845,            0.011876,             0.01854,             0.86758,               0.375,             0.47737,             0.31206,            0.028512,           0.0056818,            0.011771,            0.006799,            0.006799,            0.006799
                  99,            0.033357,           0.0092541,            0.014358,             0.88012,               0.375,             0.56914,             0.37411,            0.032282,           0.0055861,            0.011945,            0.006766,            0.006766,            0.006766
                 100,            0.040078,           0.0086053,            0.015315,             0.88012,               0.375,             0.56914,             0.37411,            0.032282,           0.0055861,            0.011945,            0.006733,            0.006733,            0.006733
                 101,            0.038376,           0.0089085,            0.013388,             0.94708,               0.375,             0.57552,             0.40334,            0.027239,           0.0054822,            0.011972,              0.0067,              0.0067,              0.0067
                 102,            0.028875,           0.0091045,            0.011848,             0.81141,              0.4375,             0.55191,             0.36989,            0.038101,           0.0058098,            0.011604,            0.006667,            0.006667,            0.006667
                 103,            0.042725,            0.012205,            0.013548,             0.81141,              0.4375,             0.55191,             0.36989,            0.038101,           0.0058098,            0.011604,            0.006634,            0.006634,            0.006634
                 104,            0.039548,           0.0091874,            0.014522,             0.80326,              0.4375,             0.54913,             0.38173,             0.03094,           0.0057764,            0.011246,            0.006601,            0.006601,            0.006601
                 105,            0.036465,            0.009839,            0.014887,             0.92348,             0.36667,             0.57233,             0.36847,            0.031165,           0.0058773,            0.011299,            0.006568,            0.006568,            0.006568
                 106,            0.033999,            0.010099,            0.014184,             0.92348,             0.36667,             0.57233,             0.36847,            0.031165,           0.0058773,            0.011299,            0.006535,            0.006535,            0.006535
                 107,            0.034112,           0.0092111,            0.010122,             0.92742,             0.43693,             0.60622,             0.43462,            0.028992,           0.0059731,            0.011401,            0.006502,            0.006502,            0.006502
                 108,            0.031914,            0.012687,            0.012325,             0.87825,              0.4375,             0.61973,             0.45414,            0.022755,           0.0058026,            0.010692,            0.006469,            0.006469,            0.006469
                 109,            0.031083,            0.010853,            0.013418,             0.87825,              0.4375,             0.61973,             0.45414,            0.022755,           0.0058026,            0.010692,            0.006436,            0.006436,            0.006436
                 110,            0.028757,           0.0093099,            0.012701,             0.86931,              0.4375,             0.59671,             0.40176,            0.029838,           0.0056734,            0.010493,            0.006403,            0.006403,            0.006403
                 111,            0.032744,            0.010198,            0.013536,             0.91969,             0.42959,             0.56549,             0.40576,            0.029661,           0.0054913,            0.010398,             0.00637,             0.00637,             0.00637
                 112,            0.039554,           0.0086647,           0.0083079,             0.91969,             0.42959,             0.56549,             0.40576,            0.029661,           0.0054913,            0.010398,            0.006337,            0.006337,            0.006337
                 113,            0.034658,           0.0076882,            0.013113,             0.95486,             0.43175,             0.58891,             0.39539,            0.025771,           0.0054402,            0.010242,            0.006304,            0.006304,            0.006304
                 114,            0.027973,           0.0083144,            0.010398,             0.88695,              0.4375,             0.60252,             0.43408,            0.030817,            0.005497,            0.010155,            0.006271,            0.006271,            0.006271
                 115,            0.035729,            0.010157,            0.011464,             0.88695,              0.4375,             0.60252,             0.43408,            0.030817,            0.005497,            0.010155,            0.006238,            0.006238,            0.006238
                 116,            0.032888,           0.0088402,           0.0088433,             0.83737,             0.52083,             0.62792,             0.46723,            0.024488,           0.0051847,            0.010198,            0.006205,            0.006205,            0.006205
                 117,            0.027561,           0.0093382,           0.0098207,             0.77836,             0.52083,              0.6344,             0.45317,            0.022973,           0.0051832,            0.010291,            0.006172,            0.006172,            0.006172
                 118,            0.028774,           0.0061366,           0.0094283,             0.77836,             0.52083,              0.6344,             0.45317,            0.022973,           0.0051832,            0.010291,            0.006139,            0.006139,            0.006139
                 119,            0.031917,            0.007676,            0.011984,             0.81405,             0.52083,             0.69832,             0.52055,            0.024635,            0.005167,            0.010284,            0.006106,            0.006106,            0.006106
                 120,            0.030822,            0.010981,            0.012356,             0.79447,             0.52083,             0.66801,             0.48039,            0.028094,           0.0049896,            0.010424,            0.006073,            0.006073,            0.006073
                 121,            0.036605,           0.0091763,            0.010127,             0.79447,             0.52083,             0.66801,             0.48039,            0.028094,           0.0049896,            0.010424,             0.00604,             0.00604,             0.00604
                 122,            0.033789,           0.0064923,           0.0085356,             0.98436,             0.43476,             0.65527,             0.43722,            0.025625,           0.0047245,            0.010873,            0.006007,            0.006007,            0.006007
                 123,            0.030575,           0.0099486,            0.012753,              0.9627,             0.42959,              0.6777,             0.47577,            0.030793,             0.00475,            0.010943,            0.005974,            0.005974,            0.005974
                 124,            0.034787,           0.0096151,           0.0088855,              0.9627,             0.42959,              0.6777,             0.47577,            0.030793,             0.00475,            0.010943,            0.005941,            0.005941,            0.005941
                 125,             0.03129,           0.0090798,            0.011999,             0.59112,             0.52316,             0.69468,             0.51407,            0.024559,           0.0047681,            0.010292,            0.005908,            0.005908,            0.005908
                 126,            0.026414,           0.0088571,            0.011015,             0.56449,             0.53864,             0.69861,             0.48153,            0.027626,           0.0047452,            0.010825,            0.005875,            0.005875,            0.005875
                 127,            0.034326,           0.0073407,           0.0086061,             0.56449,             0.53864,             0.69861,             0.48153,            0.027626,           0.0047452,            0.010825,            0.005842,            0.005842,            0.005842
                 128,            0.029589,           0.0086613,           0.0086411,             0.61899,             0.53891,             0.70647,             0.53314,            0.021909,           0.0046573,            0.011673,            0.005809,            0.005809,            0.005809
                 129,            0.028105,           0.0093273,            0.012075,             0.59797,             0.60865,             0.70898,             0.48165,            0.028964,            0.004832,            0.010533,            0.005776,            0.005776,            0.005776
                 130,            0.035596,           0.0074456,            0.012957,             0.59797,             0.60865,             0.70898,             0.48165,            0.028964,            0.004832,            0.010533,            0.005743,            0.005743,            0.005743
                 131,             0.02963,           0.0072944,           0.0087018,             0.59959,             0.64829,             0.76067,              0.5998,            0.022051,           0.0047686,           0.0097786,             0.00571,             0.00571,             0.00571
                 132,            0.027249,           0.0082588,            0.007315,             0.68551,             0.88306,               0.803,             0.55639,             0.02964,           0.0050635,           0.0091599,            0.005677,            0.005677,            0.005677
                 133,            0.032865,           0.0072247,           0.0099673,             0.68551,             0.88306,               0.803,             0.55639,             0.02964,           0.0050635,           0.0091599,            0.005644,            0.005644,            0.005644
                 134,            0.028531,           0.0079366,           0.0094663,             0.60633,             0.80844,             0.84243,             0.54244,            0.025988,            0.005028,           0.0090797,            0.005611,            0.005611,            0.005611
                 135,            0.026507,              0.0072,            0.010741,             0.60661,             0.77083,             0.82892,             0.55061,            0.029219,           0.0050318,           0.0091671,            0.005578,            0.005578,            0.005578
                 136,            0.036065,           0.0092995,            0.011389,             0.60661,             0.77083,             0.82892,             0.55061,            0.029219,           0.0050318,           0.0091671,            0.005545,            0.005545,            0.005545
                 137,            0.036632,           0.0087984,            0.012746,             0.53669,             0.77083,               0.838,             0.55893,            0.023717,            0.005229,           0.0094845,            0.005512,            0.005512,            0.005512
                 138,            0.030179,           0.0099141,            0.010038,             0.61203,              0.9375,             0.84434,              0.6286,            0.025873,           0.0052693,           0.0093849,            0.005479,            0.005479,            0.005479
                 139,            0.029998,           0.0093249,            0.010349,             0.61203,              0.9375,             0.84434,              0.6286,            0.025873,           0.0052693,           0.0093849,            0.005446,            0.005446,            0.005446
                 140,            0.026631,           0.0091012,            0.014374,             0.61955,              0.9375,             0.86497,             0.61713,            0.022028,           0.0052304,           0.0095844,            0.005413,            0.005413,            0.005413
                 141,            0.024891,           0.0086462,           0.0082276,             0.60481,              0.9375,             0.82954,             0.56655,             0.02757,           0.0051119,           0.0089928,             0.00538,             0.00538,             0.00538
                 142,            0.031447,             0.00746,            0.010297,             0.60481,              0.9375,             0.82954,             0.56655,             0.02757,           0.0051119,           0.0089928,            0.005347,            0.005347,            0.005347
                 143,            0.030924,           0.0081284,            0.008917,             0.65743,              0.9375,             0.80721,             0.65317,            0.020569,           0.0049424,           0.0088467,            0.005314,            0.005314,            0.005314
                 144,            0.026492,           0.0078852,           0.0081091,             0.60016,              0.9829,             0.82492,             0.57441,            0.027517,           0.0049887,           0.0086224,            0.005281,            0.005281,            0.005281
                 145,            0.035083,            0.008094,            0.006222,             0.60016,              0.9829,             0.82492,             0.57441,            0.027517,           0.0049887,           0.0086224,            0.005248,            0.005248,            0.005248
                 146,            0.031377,           0.0087093,            0.010222,             0.57693,             0.85417,             0.82842,             0.58223,            0.024189,           0.0048463,           0.0085392,            0.005215,            0.005215,            0.005215
                 147,            0.030077,            0.008968,           0.0096719,             0.63457,             0.98589,             0.87562,             0.61097,            0.026664,           0.0049934,           0.0085041,            0.005182,            0.005182,            0.005182
                 148,            0.030298,           0.0083445,           0.0096467,             0.63457,             0.98589,             0.87562,             0.61097,            0.026664,           0.0049934,           0.0085041,            0.005149,            0.005149,            0.005149
                 149,            0.027328,           0.0064673,           0.0061127,             0.68105,             0.98443,             0.87562,             0.64923,            0.022693,           0.0048041,           0.0084393,            0.005116,            0.005116,            0.005116
                 150,            0.025456,           0.0068742,           0.0087359,             0.68644,              0.9907,             0.87063,             0.67341,            0.022929,           0.0047011,           0.0084267,            0.005083,            0.005083,            0.005083
                 151,            0.028189,           0.0091248,           0.0081161,             0.68644,              0.9907,             0.87063,             0.67341,            0.022929,           0.0047011,           0.0084267,             0.00505,             0.00505,             0.00505
                 152,            0.027803,           0.0080896,            0.010593,             0.70176,             0.99053,             0.87063,             0.71481,            0.020457,           0.0046315,           0.0084034,            0.005017,            0.005017,            0.005017
                 153,             0.02294,           0.0077187,           0.0091801,              0.6621,              0.9375,             0.88949,             0.59059,             0.02679,           0.0047932,             0.00826,            0.004984,            0.004984,            0.004984
                 154,            0.029545,            0.011022,            0.011369,              0.6621,              0.9375,             0.88949,             0.59059,             0.02679,           0.0047932,             0.00826,            0.004951,            0.004951,            0.004951
                 155,            0.028065,           0.0073643,            0.010841,             0.71814,             0.94707,               0.855,             0.60077,            0.020282,           0.0045655,           0.0083187,            0.004918,            0.004918,            0.004918
                 156,            0.021624,           0.0073268,             0.01093,             0.69518,              0.9039,             0.89104,             0.61388,            0.028108,           0.0045993,           0.0082748,            0.004885,            0.004885,            0.004885
                 157,            0.036611,           0.0080959,           0.0090442,             0.69518,              0.9039,             0.89104,             0.61388,            0.028108,           0.0045993,           0.0082748,            0.004852,            0.004852,            0.004852
                 158,            0.029868,           0.0086359,           0.0083488,              0.7782,             0.97993,             0.87562,             0.64994,            0.022473,           0.0045688,           0.0082428,            0.004819,            0.004819,            0.004819
                 159,            0.023962,           0.0065582,            0.011221,             0.77253,             0.96817,             0.87042,             0.55887,            0.023247,           0.0043976,           0.0081291,            0.004786,            0.004786,            0.004786
                 160,            0.028175,            0.007552,           0.0091394,             0.77253,             0.96817,             0.87042,             0.55887,            0.023247,           0.0043976,           0.0081291,            0.004753,            0.004753,            0.004753
                 161,            0.025502,           0.0078402,           0.0088126,             0.78325,             0.96635,             0.89125,             0.59315,             0.01933,           0.0043633,           0.0080276,             0.00472,             0.00472,             0.00472
                 162,            0.023111,           0.0073692,            0.008295,             0.76258,             0.97896,             0.89125,              0.6552,            0.021554,           0.0043535,           0.0079563,            0.004687,            0.004687,            0.004687
                 163,            0.027611,           0.0076346,            0.010128,             0.76258,             0.97896,             0.89125,              0.6552,            0.021554,           0.0043535,           0.0079563,            0.004654,            0.004654,            0.004654
                 164,            0.024617,           0.0074777,           0.0061242,             0.77624,             0.98851,             0.89125,             0.65672,            0.019032,             0.00422,           0.0078907,            0.004621,            0.004621,            0.004621
                 165,            0.020176,           0.0076853,           0.0073891,             0.74695,             0.99003,             0.89125,             0.64967,            0.026807,           0.0044203,            0.007806,            0.004588,            0.004588,            0.004588
                 166,            0.033893,           0.0068012,           0.0094746,             0.74695,             0.99003,             0.89125,             0.64967,            0.026807,           0.0044203,            0.007806,            0.004555,            0.004555,            0.004555
                 167,            0.028584,           0.0066834,           0.0096598,             0.76889,             0.99323,             0.89125,             0.66949,            0.018769,           0.0043669,           0.0077206,            0.004522,            0.004522,            0.004522
                 168,            0.024154,           0.0078999,           0.0061812,              0.7112,              0.9965,             0.87494,              0.6495,            0.025296,           0.0044792,           0.0076157,            0.004489,            0.004489,            0.004489
                 169,            0.031875,           0.0081975,            0.010421,              0.7112,              0.9965,             0.87494,              0.6495,            0.025296,           0.0044792,           0.0076157,            0.004456,            0.004456,            0.004456
                 170,            0.028325,           0.0069746,           0.0088335,             0.75859,             0.98159,             0.87562,             0.66721,            0.020058,           0.0043573,           0.0075226,            0.004423,            0.004423,            0.004423
                 171,             0.02304,           0.0068294,            0.007001,             0.71979,             0.93066,             0.87042,             0.65558,            0.022336,           0.0043242,           0.0074543,             0.00439,             0.00439,             0.00439
                 172,             0.02887,           0.0071728,            0.008072,             0.71979,             0.93066,             0.87042,             0.65558,            0.022336,           0.0043242,           0.0074543,            0.004357,            0.004357,            0.004357
                 173,            0.025597,           0.0061975,           0.0076803,             0.75097,             0.96722,             0.87042,             0.65143,            0.018463,           0.0042372,           0.0074253,            0.004324,            0.004324,            0.004324
                 174,            0.021956,           0.0073568,           0.0074016,             0.72183,                   1,             0.87042,             0.66522,             0.02161,           0.0043192,           0.0073612,            0.004291,            0.004291,            0.004291
                 175,            0.025966,           0.0062305,            0.004615,             0.72183,                   1,             0.87042,             0.66522,             0.02161,           0.0043192,           0.0073612,            0.004258,            0.004258,            0.004258
                 176,            0.024546,           0.0080612,           0.0078038,             0.72584,                   1,             0.87562,             0.70934,            0.018625,           0.0041478,           0.0073181,            0.004225,            0.004225,            0.004225
                 177,            0.024049,           0.0067272,           0.0089865,             0.74271,                   1,             0.89125,             0.64991,             0.01953,           0.0041606,           0.0072083,            0.004192,            0.004192,            0.004192
                 178,             0.02595,           0.0078629,           0.0074638,             0.74271,                   1,             0.89125,             0.64991,             0.01953,           0.0041606,           0.0072083,            0.004159,            0.004159,            0.004159
                 179,            0.026482,           0.0082105,           0.0090173,             0.75122,             0.91098,             0.89125,             0.71021,            0.017321,           0.0041625,           0.0071461,            0.004126,            0.004126,            0.004126
                 180,            0.022667,           0.0082675,           0.0080045,             0.71031,                   1,              0.8853,             0.70813,            0.022605,           0.0041702,           0.0070988,            0.004093,            0.004093,            0.004093
                 181,            0.027316,           0.0064056,           0.0088736,             0.71031,                   1,              0.8853,             0.70813,            0.022605,           0.0041702,           0.0070988,             0.00406,             0.00406,             0.00406
                 182,            0.025098,           0.0075579,           0.0092579,             0.69231,                   1,             0.84562,             0.64842,             0.01782,           0.0039825,           0.0071262,            0.004027,            0.004027,            0.004027
                 183,            0.022519,           0.0068974,             0.01298,              0.7183,                   1,             0.84562,             0.63206,            0.020578,           0.0039515,           0.0070572,            0.003994,            0.003994,            0.003994
                 184,            0.026465,           0.0072819,            0.010754,              0.7183,                   1,             0.84562,             0.63206,            0.020578,           0.0039515,           0.0070572,            0.003961,            0.003961,            0.003961
                 185,            0.025286,           0.0065039,           0.0069485,             0.70226,             0.89862,             0.84562,             0.69212,             0.01756,           0.0039208,           0.0070389,            0.003928,            0.003928,            0.003928
                 186,            0.022066,           0.0062514,           0.0061459,             0.70746,             0.88156,             0.84562,             0.60373,            0.018503,           0.0039606,           0.0069691,            0.003895,            0.003895,            0.003895
                 187,            0.024995,           0.0066432,           0.0076049,             0.70746,             0.88156,             0.84562,             0.60373,            0.018503,           0.0039606,           0.0069691,            0.003862,            0.003862,            0.003862
                 188,            0.021929,           0.0074966,           0.0092783,             0.74415,               0.875,             0.84562,             0.64622,            0.015292,             0.00388,           0.0069523,            0.003829,            0.003829,            0.003829
                 189,            0.018477,           0.0085056,           0.0084036,             0.76763,               0.875,             0.84562,             0.65755,             0.01945,           0.0039339,           0.0069363,            0.003796,            0.003796,            0.003796
                 190,            0.025379,           0.0074686,           0.0041558,             0.76763,               0.875,             0.84562,             0.65755,             0.01945,           0.0039339,           0.0069363,            0.003763,            0.003763,            0.003763
                 191,            0.021984,           0.0049084,           0.0080489,             0.78337,             0.87498,             0.84979,             0.66363,            0.016402,           0.0038309,           0.0069119,             0.00373,             0.00373,             0.00373
                 192,            0.020972,           0.0060823,            0.011974,             0.74207,             0.87185,             0.82301,             0.60897,            0.019656,            0.003824,           0.0068218,            0.003697,            0.003697,            0.003697
                 193,            0.024069,           0.0067384,           0.0051907,             0.74207,             0.87185,             0.82301,             0.60897,            0.019656,            0.003824,           0.0068218,            0.003664,            0.003664,            0.003664
                 194,            0.024978,           0.0089489,            0.011447,             0.72604,             0.84437,             0.82896,             0.61183,            0.019391,           0.0038271,            0.006757,            0.003631,            0.003631,            0.003631
                 195,            0.021316,           0.0083995,            0.010182,             0.74582,             0.78646,             0.84562,             0.68819,            0.019912,           0.0038409,           0.0067104,            0.003598,            0.003598,            0.003598
                 196,            0.024196,           0.0068337,           0.0073628,             0.74582,             0.78646,             0.84562,             0.68819,            0.019912,           0.0038409,           0.0067104,            0.003565,            0.003565,            0.003565
                 197,             0.02092,           0.0078275,           0.0073662,             0.74664,             0.77068,             0.85813,             0.68857,            0.016146,           0.0036967,           0.0066822,            0.003532,            0.003532,            0.003532
                 198,            0.019246,           0.0049695,           0.0061424,              0.7491,             0.77971,             0.84562,             0.65723,            0.023984,           0.0038853,           0.0065933,            0.003499,            0.003499,            0.003499
                 199,            0.029748,           0.0083136,           0.0075783,              0.7491,             0.77971,             0.84562,             0.65723,            0.023984,           0.0038853,           0.0065933,            0.003466,            0.003466,            0.003466
                 200,            0.024211,           0.0076722,           0.0069601,             0.74621,             0.78584,             0.85813,             0.70979,            0.018123,           0.0037224,           0.0065643,            0.003433,            0.003433,            0.003433
                 201,            0.021602,           0.0061245,           0.0066166,             0.77446,             0.84818,             0.85813,               0.699,            0.018181,           0.0036385,           0.0065575,              0.0034,              0.0034,              0.0034
                 202,            0.023965,            0.006921,           0.0099543,             0.77446,             0.84818,             0.85813,               0.699,            0.018181,           0.0036385,           0.0065575,            0.003367,            0.003367,            0.003367
                 203,            0.021517,           0.0059822,           0.0085837,             0.79081,             0.86813,             0.85813,             0.65385,            0.014875,           0.0034735,           0.0065422,            0.003334,            0.003334,            0.003334
                 204,             0.01649,           0.0068403,            0.008673,             0.56709,               0.875,             0.78525,             0.62981,            0.017319,           0.0034571,           0.0065529,            0.003301,            0.003301,            0.003301
                 205,            0.023412,           0.0048638,           0.0048853,             0.56709,               0.875,             0.78525,             0.62981,            0.017319,           0.0034571,           0.0065529,            0.003268,            0.003268,            0.003268
                 206,            0.020848,           0.0060627,           0.0090039,             0.57772,             0.87768,              0.8045,             0.63624,            0.014707,           0.0033569,           0.0065506,            0.003235,            0.003235,            0.003235
                 207,            0.017646,           0.0069796,           0.0074485,             0.62567,             0.90026,              0.8045,             0.62495,            0.015859,           0.0034034,           0.0066822,            0.003202,            0.003202,            0.003202
                 208,            0.021751,           0.0059562,           0.0073633,             0.62567,             0.90026,              0.8045,             0.62495,            0.015859,           0.0034034,           0.0066822,            0.003169,            0.003169,            0.003169
                 209,            0.018822,            0.006716,           0.0078194,             0.55497,             0.93374,              0.8045,             0.66999,            0.013582,           0.0033159,           0.0068222,            0.003136,            0.003136,            0.003136
                 210,             0.01717,           0.0077494,           0.0065154,             0.72596,             0.73921,             0.82917,             0.70049,            0.014931,           0.0033474,           0.0067638,            0.003103,            0.003103,            0.003103
                 211,            0.019285,           0.0057336,           0.0061551,             0.72596,             0.73921,             0.82917,             0.70049,            0.014931,           0.0033474,           0.0067638,             0.00307,             0.00307,             0.00307
                 212,             0.02024,           0.0055938,           0.0046238,             0.72662,             0.74519,             0.82917,             0.66355,            0.014807,           0.0033088,           0.0067966,            0.003037,            0.003037,            0.003037
                 213,            0.018992,           0.0062217,           0.0063563,             0.69169,             0.76595,             0.82917,             0.71164,            0.016739,            0.003365,           0.0065659,            0.003004,            0.003004,            0.003004
                 214,            0.022015,           0.0065511,           0.0059302,             0.69169,             0.76595,             0.82917,             0.71164,            0.016739,            0.003365,           0.0065659,            0.002971,            0.002971,            0.002971
                 215,            0.021194,           0.0071162,           0.0063969,             0.68226,             0.76278,             0.82917,             0.67717,            0.014155,           0.0032191,           0.0065018,            0.002938,            0.002938,            0.002938
                 216,            0.018297,           0.0065084,            0.010906,              0.7708,             0.85012,             0.84979,             0.68308,            0.017377,           0.0032756,            0.006197,            0.002905,            0.002905,            0.002905
                 217,            0.020865,           0.0064067,             0.00634,              0.7708,             0.85012,             0.84979,             0.68308,            0.017377,           0.0032756,            0.006197,            0.002872,            0.002872,            0.002872
                 218,            0.020266,           0.0064833,           0.0085001,             0.76113,               0.875,             0.85813,             0.73773,             0.01479,            0.003185,           0.0060993,            0.002839,            0.002839,            0.002839
                 219,              0.0193,           0.0051451,           0.0065762,             0.74197,               0.875,             0.84979,             0.71582,            0.015252,           0.0032644,           0.0060631,            0.002806,            0.002806,            0.002806
                 220,            0.019575,           0.0059872,           0.0063231,             0.74197,               0.875,             0.84979,             0.71582,            0.015252,           0.0032644,           0.0060631,            0.002773,            0.002773,            0.002773
                 221,            0.019113,           0.0063992,           0.0098512,             0.74231,               0.875,             0.84979,             0.72825,            0.015058,            0.003269,           0.0060276,             0.00274,             0.00274,             0.00274
                 222,            0.020511,           0.0057013,           0.0063638,             0.73631,               0.875,             0.84979,             0.62965,            0.018873,           0.0033615,           0.0060036,            0.002707,            0.002707,            0.002707
                 223,            0.024179,            0.006592,           0.0082854,             0.73631,               0.875,             0.84979,             0.62965,            0.018873,           0.0033615,           0.0060036,            0.002674,            0.002674,            0.002674
                 224,            0.020911,           0.0074814,           0.0074833,              0.7317,               0.875,             0.84979,             0.69303,            0.014603,           0.0031812,           0.0059734,            0.002641,            0.002641,            0.002641
                 225,            0.018898,           0.0083514,           0.0070577,             0.72849,               0.875,             0.84979,             0.71315,            0.015669,           0.0032315,           0.0059135,            0.002608,            0.002608,            0.002608
                 226,            0.020954,           0.0055139,            0.006562,             0.72849,               0.875,             0.84979,             0.71315,            0.015669,           0.0032315,           0.0059135,            0.002575,            0.002575,            0.002575
                 227,            0.022584,           0.0055812,            0.008129,              0.7313,               0.875,             0.84979,             0.70485,             0.01395,           0.0030978,           0.0058788,            0.002542,            0.002542,            0.002542
                 228,            0.016939,           0.0060883,            0.011612,             0.71385,              0.8609,             0.84979,             0.68303,            0.016632,           0.0031242,           0.0058479,            0.002509,            0.002509,            0.002509
                 229,             0.02198,            0.006529,           0.0059248,             0.71385,              0.8609,             0.84979,             0.68303,            0.016632,           0.0031242,           0.0058479,            0.002476,            0.002476,            0.002476
                 230,            0.021022,           0.0061631,           0.0057483,             0.69684,             0.84959,             0.84979,              0.6959,            0.015075,           0.0030475,           0.0058201,            0.002443,            0.002443,            0.002443
                 231,            0.015188,           0.0047477,           0.0043064,              0.7101,             0.86385,             0.83729,             0.73094,             0.01609,           0.0030777,           0.0057613,             0.00241,             0.00241,             0.00241
                 232,            0.020154,           0.0063112,           0.0082122,              0.7101,             0.86385,             0.83729,             0.73094,             0.01609,           0.0030777,           0.0057613,            0.002377,            0.002377,            0.002377
                 233,            0.022086,           0.0052649,           0.0051781,             0.70476,             0.86643,             0.83729,             0.69179,            0.013727,           0.0030084,            0.005722,            0.002344,            0.002344,            0.002344
                 234,            0.017154,           0.0048544,            0.007186,             0.65265,             0.85844,             0.83729,             0.67799,            0.015546,           0.0031168,           0.0056828,            0.002311,            0.002311,            0.002311
                 235,            0.020701,           0.0065503,           0.0082551,             0.65265,             0.85844,             0.83729,             0.67799,            0.015546,           0.0031168,           0.0056828,            0.002278,            0.002278,            0.002278
                 236,            0.020217,           0.0060152,           0.0044494,             0.59147,               0.875,             0.84979,               0.682,            0.014537,           0.0030329,           0.0057739,            0.002245,            0.002245,            0.002245
                 237,            0.019443,           0.0069916,           0.0074526,             0.95394,             0.74025,             0.82917,             0.66402,            0.015222,           0.0031066,           0.0058475,            0.002212,            0.002212,            0.002212
                 238,            0.019937,           0.0060502,           0.0058788,             0.95394,             0.74025,             0.82917,             0.66402,            0.015222,           0.0031066,           0.0058475,            0.002179,            0.002179,            0.002179
                 239,             0.01935,           0.0069084,           0.0085484,             0.97838,              0.7454,             0.82917,             0.63034,            0.013256,           0.0029638,           0.0060181,            0.002146,            0.002146,            0.002146
                 240,            0.018295,           0.0079686,           0.0067195,             0.98481,             0.74464,             0.82917,              0.6779,            0.016069,           0.0030303,           0.0061367,            0.002113,            0.002113,            0.002113
                 241,            0.022512,           0.0075287,           0.0042072,             0.98481,             0.74464,             0.82917,              0.6779,            0.016069,           0.0030303,           0.0061367,             0.00208,             0.00208,             0.00208
                 242,            0.017884,           0.0045471,           0.0053653,             0.99239,             0.74846,             0.82917,              0.6837,             0.01458,           0.0029652,           0.0060066,            0.002047,            0.002047,            0.002047
                 243,            0.019376,           0.0055709,           0.0041288,             0.99617,             0.74242,             0.84979,               0.702,            0.015108,           0.0029325,           0.0058731,            0.002014,            0.002014,            0.002014
                 244,            0.016701,           0.0038685,           0.0060598,             0.99617,             0.74242,             0.84979,               0.702,            0.015108,           0.0029325,           0.0058731,            0.001981,            0.001981,            0.001981
                 245,             0.01668,           0.0049952,           0.0061372,             0.65017,             0.86518,             0.83729,             0.66327,            0.013951,            0.002872,           0.0057381,            0.001948,            0.001948,            0.001948
                 246,            0.016888,           0.0052189,           0.0036794,             0.65891,               0.875,             0.83729,             0.69004,            0.015105,           0.0029168,           0.0056633,            0.001915,            0.001915,            0.001915
                 247,            0.019517,           0.0071963,           0.0071146,             0.65891,               0.875,             0.83729,             0.69004,            0.015105,           0.0029168,           0.0056633,            0.001882,            0.001882,            0.001882
                 248,            0.017317,           0.0060615,           0.0090239,             0.65979,             0.87019,             0.83729,              0.6949,            0.012798,           0.0028112,           0.0056122,            0.001849,            0.001849,            0.001849
                 249,            0.016271,           0.0055428,           0.0025663,             0.66583,               0.875,             0.83729,             0.68744,            0.013069,           0.0028293,           0.0055782,            0.001816,            0.001816,            0.001816
                 250,            0.016735,           0.0062153,           0.0083223,             0.66583,               0.875,             0.83729,             0.68744,            0.013069,           0.0028293,           0.0055782,            0.001783,            0.001783,            0.001783
                 251,            0.016749,           0.0066893,            0.008285,             0.66614,               0.875,             0.83729,             0.71281,            0.012899,           0.0028141,           0.0055614,             0.00175,             0.00175,             0.00175
                 252,            0.017297,             0.00748,           0.0075361,              0.6658,               0.875,             0.83729,             0.72635,            0.012349,           0.0027833,           0.0055382,            0.001717,            0.001717,            0.001717
                 253,            0.014745,           0.0048049,           0.0047367,              0.6658,               0.875,             0.83729,             0.72635,            0.012349,           0.0027833,           0.0055382,            0.001684,            0.001684,            0.001684
                 254,             0.01645,           0.0055132,           0.0044911,             0.66444,               0.875,             0.83729,             0.70803,            0.012162,           0.0027537,           0.0055122,            0.001651,            0.001651,            0.001651
                 255,            0.017324,           0.0063522,           0.0079358,             0.66352,               0.875,             0.83729,             0.69296,            0.014391,            0.002871,            0.005497,            0.001618,            0.001618,            0.001618
                 256,            0.019367,            0.004874,           0.0052494,             0.66352,               0.875,             0.83729,             0.69296,            0.014391,            0.002871,            0.005497,            0.001585,            0.001585,            0.001585
                 257,            0.016489,            0.005573,           0.0062345,             0.67743,               0.875,             0.83729,             0.69693,            0.011627,           0.0027421,           0.0054947,            0.001552,            0.001552,            0.001552
                 258,            0.014569,           0.0054539,           0.0088632,             0.68046,               0.875,             0.84562,             0.69186,            0.013148,           0.0027726,            0.005479,            0.001519,            0.001519,            0.001519
                 259,            0.019924,           0.0050783,             0.00594,             0.68046,               0.875,             0.84562,             0.69186,            0.013148,           0.0027726,            0.005479,            0.001486,            0.001486,            0.001486
                 260,            0.016657,           0.0065197,            0.006033,             0.69279,               0.875,             0.83729,             0.68813,            0.012014,           0.0027158,            0.005484,            0.001453,            0.001453,            0.001453
                 261,            0.015338,           0.0045898,            0.008543,             0.70009,               0.875,             0.82896,             0.69857,            0.011707,           0.0027337,           0.0054485,             0.00142,             0.00142,             0.00142
                 262,            0.016222,           0.0045899,           0.0052459,             0.70009,               0.875,             0.82896,             0.69857,            0.011707,           0.0027337,           0.0054485,            0.001387,            0.001387,            0.001387
                 263,            0.016305,           0.0044412,           0.0056532,             0.70147,               0.875,             0.83729,             0.74149,            0.010791,           0.0026929,           0.0054203,            0.001354,            0.001354,            0.001354
                 264,            0.016323,            0.005483,           0.0050573,             0.70401,               0.875,             0.83729,             0.75804,            0.011716,            0.002728,           0.0053791,            0.001321,            0.001321,            0.001321
                 265,            0.016353,            0.005348,           0.0060066,             0.70401,               0.875,             0.83729,             0.75804,            0.011716,            0.002728,           0.0053791,            0.001288,            0.001288,            0.001288
                 266,            0.015381,           0.0058035,           0.0048825,             0.70444,               0.875,             0.84979,             0.74731,            0.011182,           0.0026979,           0.0053543,            0.001255,            0.001255,            0.001255
                 267,            0.013818,             0.00489,           0.0028088,             0.70497,               0.875,             0.83729,             0.73937,            0.011603,           0.0026777,           0.0053379,            0.001222,            0.001222,            0.001222
                 268,            0.014335,           0.0067805,           0.0049009,             0.70497,               0.875,             0.83729,             0.73937,            0.011603,           0.0026777,           0.0053379,            0.001189,            0.001189,            0.001189
                 269,            0.016835,           0.0065594,           0.0057776,             0.70415,               0.875,             0.84979,             0.71672,            0.011809,           0.0026753,           0.0053215,            0.001156,            0.001156,            0.001156
                 270,            0.014321,           0.0049244,           0.0045682,              0.7056,               0.875,             0.84979,             0.74369,            0.011662,            0.002687,           0.0053177,            0.001123,            0.001123,            0.001123
                 271,            0.013763,           0.0054656,           0.0047507,              0.7056,               0.875,             0.84979,             0.74369,            0.011662,            0.002687,           0.0053177,             0.00109,             0.00109,             0.00109
                 272,             0.01729,           0.0061702,           0.0073514,             0.70653,               0.875,             0.84979,              0.7602,            0.010728,           0.0026705,           0.0053051,            0.001057,            0.001057,            0.001057
                 273,            0.015025,            0.005075,           0.0055237,              0.7062,               0.875,             0.84979,             0.75717,            0.011156,           0.0026612,           0.0052715,            0.001024,            0.001024,            0.001024
                 274,            0.014689,           0.0052255,           0.0047971,              0.7062,               0.875,             0.84979,             0.75717,            0.011156,           0.0026612,           0.0052715,            0.000991,            0.000991,            0.000991
                 275,            0.014444,           0.0055164,           0.0035797,             0.70773,               0.875,             0.84979,             0.75514,            0.011448,             0.00267,           0.0052773,            0.000958,            0.000958,            0.000958
                 276,            0.015511,           0.0062855,           0.0040459,             0.70795,               0.875,             0.83729,             0.74323,            0.011273,           0.0026636,           0.0052708,            0.000925,            0.000925,            0.000925
                 277,             0.01352,           0.0056145,           0.0031628,             0.70795,               0.875,             0.83729,             0.74323,            0.011273,           0.0026636,           0.0052708,            0.000892,            0.000892,            0.000892
                 278,            0.013974,           0.0060856,            0.003296,             0.70819,               0.875,             0.83729,             0.74757,            0.011051,           0.0026457,           0.0052654,            0.000859,            0.000859,            0.000859
                 279,             0.01358,           0.0052998,           0.0079423,             0.70814,               0.875,             0.83729,             0.76591,            0.010855,           0.0026324,           0.0052525,            0.000826,            0.000826,            0.000826
                 280,            0.013204,           0.0053444,           0.0055955,             0.70814,               0.875,             0.83729,             0.76591,            0.010855,           0.0026324,           0.0052525,            0.000793,            0.000793,            0.000793
                 281,            0.015217,           0.0058448,           0.0068196,             0.70695,               0.875,             0.83729,             0.76034,            0.010761,           0.0026226,           0.0052193,             0.00076,             0.00076,             0.00076
                 282,             0.01598,            0.006383,           0.0063887,             0.70778,               0.875,             0.83729,             0.76631,            0.010907,           0.0026228,           0.0052059,            0.000727,            0.000727,            0.000727
                 283,            0.014588,           0.0049838,           0.0060187,             0.70778,               0.875,             0.83729,             0.76631,            0.010907,           0.0026228,           0.0052059,            0.000694,            0.000694,            0.000694
                 284,             0.01363,           0.0042901,           0.0057551,             0.70735,               0.875,             0.83729,             0.74797,            0.010744,           0.0026064,           0.0051971,            0.000661,            0.000661,            0.000661
                 285,            0.015276,           0.0052989,           0.0055655,             0.70605,               0.875,             0.83729,             0.76285,            0.010459,           0.0025945,           0.0051815,            0.000628,            0.000628,            0.000628
                 286,            0.015068,           0.0068342,           0.0046438,             0.70605,               0.875,             0.83729,             0.76285,            0.010459,           0.0025945,           0.0051815,            0.000595,            0.000595,            0.000595
                 287,            0.012907,           0.0046513,           0.0068698,             0.70544,               0.875,             0.83729,             0.74954,            0.010236,            0.002583,           0.0051659,            0.000562,            0.000562,            0.000562
                 288,            0.013504,           0.0046845,           0.0049325,             0.70647,               0.875,             0.83729,             0.73751,            0.010177,           0.0025735,           0.0051418,            0.000529,            0.000529,            0.000529
                 289,            0.014208,           0.0049929,           0.0052327,             0.70647,               0.875,             0.83729,             0.73751,            0.010177,           0.0025735,           0.0051418,            0.000496,            0.000496,            0.000496
                 290,            0.016119,           0.0062197,           0.0081544,             0.70626,               0.875,             0.83729,             0.72534,            0.010311,           0.0025702,           0.0051315,            0.000463,            0.000463,            0.000463
                 291,            0.013719,           0.0054467,            0.005675,              0.7063,               0.875,             0.83729,             0.72173,            0.010362,           0.0025618,           0.0051235,             0.00043,             0.00043,             0.00043
                 292,            0.014643,           0.0054434,           0.0062893,              0.7063,               0.875,             0.83729,             0.72173,            0.010362,           0.0025618,           0.0051235,            0.000397,            0.000397,            0.000397
                 293,            0.016235,           0.0057748,           0.0034768,             0.70536,               0.875,             0.84979,             0.73327,            0.010412,           0.0025594,           0.0051109,            0.000364,            0.000364,            0.000364
                 294,            0.014537,           0.0060863,            0.010052,             0.70535,               0.875,             0.84979,              0.7242,             0.01028,            0.002543,           0.0051147,            0.000331,            0.000331,            0.000331
                 295,            0.015943,           0.0043751,           0.0049385,             0.70535,               0.875,             0.84979,              0.7242,             0.01028,            0.002543,           0.0051147,            0.000298,            0.000298,            0.000298
                 296,            0.013917,           0.0055132,           0.0043843,             0.70538,               0.875,             0.84979,             0.74553,            0.010196,            0.002533,           0.0051128,            0.000265,            0.000265,            0.000265
                 297,             0.01348,           0.0049459,           0.0057329,             0.70499,               0.875,             0.84979,             0.75202,            0.010152,           0.0025303,           0.0051186,            0.000232,            0.000232,            0.000232
                 298,             0.01314,           0.0048335,           0.0047173,             0.70499,               0.875,             0.84979,             0.75202,            0.010152,           0.0025303,           0.0051186,            0.000199,            0.000199,            0.000199
                 299,             0.01203,           0.0043846,           0.0046551,             0.70506,               0.875,             0.84979,             0.75205,            0.010223,           0.0025291,           0.0051205,            0.000166,            0.000166,            0.000166
